{
  "uas":79.6876079895,
  "las":73.4535904347,
  "ents_p":0.0,
  "ents_r":0.0,
  "ents_f":0.0,
  "tags_acc":94.7637695806,
  "token_acc":100.0
}