{
  "uas":84.9759906035,
  "las":80.2224755588,
  "ents_p":0.0,
  "ents_r":0.0,
  "ents_f":0.0,
  "tags_acc":0.0,
  "token_acc":100.0
}