{
  "uas":84.955263067,
  "las":80.0221093723,
  "ents_p":0.0,
  "ents_r":0.0,
  "ents_f":0.0,
  "tags_acc":0.0,
  "token_acc":100.0
}